Kilom√©trage,Prix,Cluster
5245.0,35999.0,1
20.0,26999.0,1
1675.0,26799.0,1
5810.0,24999.0,1
8702.0,23699.0,1
37630.0,15299.0,0
6267.0,24999.0,1
5737.0,16999.0,0
5703.0,17399.0,0
59980.0,14999.0,2
2025.0,27499.0,1
18805.0,18499.0,0
26515.0,38299.0,1
149.0,31499.0,1
43586.0,16999.0,0
5088.0,30399.0,1
10909.0,24999.0,1
51640.0,10699.0,0
67085.0,8499.0,2
81025.0,8999.0,2
17460.0,18499.0,0
18605.0,22999.0,0
9212.0,19199.0,0
34395.0,23999.0,0
16542.0,14799.0,0
57030.0,17499.0,0
7727.0,23699.0,1
78718.0,14799.0,2
50760.0,10499.0,0
88272.0,9999.0,2
6525.0,30499.0,1
57142.0,15999.0,0
84001.0,13199.0,2
128511.0,16799.0,2
62515.0,6799.0,2
71676.0,13799.0,2
53257.0,9999.0,0
99625.0,9299.0,2
26232.0,21799.0,0
2375.0,19999.0,0
56306.0,16999.0,0
14755.0,21999.0,0
96988.0,12999.0,2
22895.0,22499.0,0
18995.0,18499.0,0
46165.0,14799.0,0
68685.0,18499.0,2
65900.0,22799.0,0
23472.0,17999.0,0
21846.0,24499.0,1
22315.0,18999.0,0
9254.0,23699.0,1
36645.0,14999.0,0
38878.0,17599.0,0
2910.0,27599.0,1
42425.0,19999.0,0
33170.0,12199.0,0
99561.0,10299.0,2
27628.0,28099.0,1
81970.0,9999.0,2
75733.0,18499.0,2
230.0,20999.0,0
113548.0,8499.0,2
13252.0,21799.0,0
10.0,18699.0,0
64302.0,21499.0,0
15070.0,19999.0,0
27759.0,15999.0,0
2976.0,19999.0,0
75512.0,14499.0,2
85375.0,8999.0,2
39960.0,21499.0,0
14959.0,23999.0,1
21544.0,16699.0,0
19050.0,19699.0,0
39770.0,23999.0,0
39105.0,19999.0,0
14625.0,24399.0,1
47813.0,15499.0,0
83420.0,10499.0,2
55163.0,21699.0,0
50058.0,22499.0,0
85510.0,31999.0,1
37316.0,17999.0,0
36268.0,16299.0,0
47681.0,19999.0,0
52410.0,10799.0,0
21835.0,10799.0,0
47855.0,9999.0,0
68464.0,11499.0,2
36485.0,17499.0,0
42441.0,19999.0,0
112965.0,15299.0,2
8040.0,19499.0,0
28046.0,19999.0,0
97576.0,10299.0,2
62802.0,13399.0,2
7218.0,19499.0,0
60625.0,17499.0,0
100.0,19999.0,0
9611.0,23699.0,1
91175.0,10899.0,2
118197.0,17499.0,2
7090.0,15499.0,0
8502.0,20499.0,0
36555.0,14999.0,0
6225.0,26999.0,1
116007.0,10999.0,2
10231.0,19999.0,0
77777.0,19999.0,2
143950.0,11699.0,2
33795.0,17299.0,0
41920.0,17999.0,0
6303.0,21499.0,0
65760.0,16599.0,2
31270.0,10499.0,0
18469.0,22999.0,0
36690.0,12799.0,0
77487.0,19299.0,2
7962.0,19999.0,0
12.0,42699.0,1
68885.0,11999.0,2
80069.0,13399.0,2
17278.0,19999.0,0
8587.0,14499.0,0
47572.0,21999.0,0
40361.0,17199.0,0
49364.0,15499.0,0
40423.0,17499.0,0
33474.0,14999.0,0
10100.0,27999.0,1
6290.0,19999.0,0
15850.0,18399.0,0
13729.0,19999.0,0
116845.0,9999.0,2
64911.0,13999.0,2
6174.0,30499.0,1
9477.0,18399.0,0
62302.0,12299.0,2
9329.0,19699.0,0
74128.0,12499.0,2
59300.0,13499.0,2
7010.0,19999.0,0
34361.0,14499.0,0
7324.0,23699.0,1
15480.0,23999.0,1
142416.0,9499.0,2
20625.0,20999.0,0
39520.0,13499.0,0
40535.0,16499.0,0
69568.0,10499.0,2
106164.0,8799.0,2
76045.0,12199.0,2
45434.0,14499.0,0
35065.0,10799.0,0
73573.0,13499.0,2
58070.0,10999.0,2
84358.0,16999.0,2
64665.0,13299.0,2
13835.0,20999.0,0
46884.0,16499.0,0
82565.0,17499.0,2
82874.0,9999.0,2
12198.0,19799.0,0
84703.0,12999.0,2
50113.0,18999.0,0
21237.0,30799.0,1
44802.0,12799.0,0
85778.0,9799.0,2
100037.0,17499.0,2
8261.0,17499.0,0
73695.0,18499.0,2
26778.0,23199.0,0
65937.0,14999.0,2
36695.0,25299.0,1
36073.0,26499.0,1
19660.0,19499.0,0
28767.0,23199.0,0
10672.0,23699.0,1
48200.0,18999.0,0
87755.0,13499.0,2
33191.0,18299.0,0
94126.0,10499.0,2
20519.0,18499.0,0
4182.0,24273.0,1
21702.0,18999.0,0
43745.0,19499.0,0
74486.0,14299.0,2
58110.0,17999.0,0
76030.0,13299.0,2
63805.0,17799.0,2
59084.0,12699.0,2
73941.0,16499.0,2
80950.0,10599.0,2
53950.0,14999.0,0
15524.0,19799.0,0
16737.0,19799.0,0
54929.0,10799.0,2
36773.0,19999.0,0
110773.0,10999.0,2
35570.0,18799.0,0
125.0,20999.0,0
55488.0,15499.0,0
26302.0,18999.0,0
10614.0,19399.0,0
23872.0,20099.0,0
9043.0,30399.0,1
83338.0,15799.0,2
55715.0,13999.0,0
50340.0,15999.0,0
50850.0,19999.0,0
69218.0,14399.0,2
21956.0,19499.0,0
107665.0,11299.0,2
32360.0,10499.0,0
44203.0,18799.0,0
78375.0,11599.0,2
48605.0,12999.0,0
24665.0,17399.0,0
49232.0,13999.0,0
3265.0,20399.0,0
56255.0,12499.0,2
22033.0,19499.0,0
41560.0,16499.0,0
53220.0,18299.0,0
44133.0,10799.0,0
7694.0,16999.0,0
46855.0,16499.0,0
44052.0,19799.0,0
95075.0,10499.0,2
27700.0,14699.0,0
50906.0,18399.0,0
78710.0,10599.0,2
60679.0,15499.0,2
12876.0,23999.0,1
12748.0,19499.0,0
106512.0,13499.0,2
55708.0,17999.0,0
17853.0,19799.0,0
64536.0,12999.0,2
29570.0,10999.0,0
5180.0,24299.0,1
37591.0,14999.0,0
58160.0,17999.0,0
85705.0,9499.0,2
73830.0,9499.0,2
71140.0,13499.0,2
46300.0,15499.0,0
19770.0,19599.0,0
15655.0,28999.0,1
23257.0,17999.0,0
37921.0,14999.0,0
23038.0,14299.0,0
30181.0,30499.0,1
42204.0,19999.0,0
4515.0,19999.0,0
15383.0,18399.0,0
96770.0,15799.0,2
46487.0,21899.0,0
38855.0,13499.0,0
50768.0,13999.0,0
29397.0,13999.0,0
51084.0,12999.0,0
26783.0,23499.0,0
31601.0,10999.0,0
5625.0,18499.0,0
21277.0,26999.0,1
82795.0,8999.0,2
74980.0,14799.0,2
60513.0,10999.0,2
48450.0,12799.0,0
7110.0,16999.0,0
114385.0,11799.0,2
43689.0,12499.0,0
5291.0,18399.0,0
17179.0,15999.0,0
11848.0,18399.0,0
54529.0,14999.0,0
8965.0,16999.0,0
36105.0,10499.0,0
13052.0,22099.0,0
39540.0,13299.0,0
40175.0,13799.0,0
140811.0,10999.0,2
9263.0,17499.0,0
13526.0,27699.0,1
73000.0,12799.0,2
21880.0,22499.0,0
34032.0,13499.0,0
128330.0,15799.0,2
44498.0,15099.0,0
18130.0,18699.0,0
36564.0,14799.0,0
8128.0,17899.0,0
46735.0,13999.0,0
19760.0,31499.0,1
45775.0,13999.0,0
38185.0,13699.0,0
52170.0,10499.0,0
37280.0,11999.0,0
16116.0,17899.0,0
35648.0,12699.0,0
58916.0,19499.0,0
30600.0,12799.0,0
11980.0,18499.0,0
11236.0,19399.0,0
41101.0,13499.0,0
17877.0,15799.0,0
11772.0,17899.0,0
69769.0,11999.0,2
27730.0,20299.0,0
19539.0,15399.0,0
81260.0,15999.0,2
62780.0,13599.0,2
50420.0,13499.0,0
15070.0,12999.0,0
46211.0,13999.0,0
85574.0,12999.0,2
12495.0,18499.0,0
73250.0,20799.0,2
2411.0,38499.0,1
88147.0,11499.0,2
22744.0,24499.0,1
21564.0,15999.0,0
43003.0,10999.0,0
30555.0,14499.0,0
75270.0,15999.0,2
43765.0,15899.0,0
112066.0,12299.0,2
9163.0,30299.0,1
37062.0,17699.0,0
43132.0,10299.0,0
11505.0,26799.0,1
16173.0,23999.0,1
16627.0,33499.0,1
116523.0,13299.0,2
48656.0,21299.0,0
55110.0,22999.0,0
2553.0,30799.0,1
18255.0,20499.0,0
13844.0,23999.0,1
10085.0,26799.0,1
31586.0,15999.0,0
7950.0,14499.0,0
13678.0,22999.0,0
44223.0,20799.0,0
37053.0,20999.0,0
119555.0,14999.0,2
101535.0,14999.0,2
73835.0,18499.0,2
11400.0,29399.0,1
101650.0,14999.0,2
11000.0,22399.0,0
21733.0,22499.0,0
11492.0,29999.0,1
97194.0,11999.0,2
20049.0,18699.0,0
62960.0,23699.0,0
71454.0,11999.0,2
26941.0,17799.0,0
89750.0,17999.0,2
13107.0,23999.0,1
20805.0,27499.0,1
68117.0,26499.0,1
25625.0,15999.0,0
32718.0,15999.0,0
350.0,32399.0,1
65855.0,11499.0,2
56045.0,22499.0,0
86914.0,8999.0,2
20270.0,22499.0,0
104440.0,16799.0,2
83814.0,12999.0,2
82419.0,18499.0,2
65531.0,14799.0,2
8.0,25999.0,1
69724.0,11999.0,2
74958.0,19499.0,2
70709.0,16999.0,2
41365.0,14999.0,0
4.0,30999.0,1
9177.0,31499.0,1
64699.0,15999.0,2
40172.0,15499.0,0
66979.0,17499.0,2
56866.0,25099.0,1
101919.0,15799.0,2
2779.0,30799.0,1
66886.0,14999.0,2
101638.0,15999.0,2
81010.0,19499.0,2
38100.0,15499.0,0
91636.0,12499.0,2
91538.0,19799.0,2
31770.0,14299.0,0
4595.0,30499.0,1
107369.0,24299.0,2
15960.0,18999.0,0
83805.0,16799.0,2
56644.0,26999.0,1
13442.0,22999.0,0
144538.0,17999.0,2
107568.0,12499.0,2
14445.0,26999.0,1
22280.0,22499.0,0
11122.0,29499.0,1
41003.0,16999.0,0
15265.0,13399.0,0
3990.0,24399.0,1
79668.0,13999.0,2
84300.0,16999.0,2
11774.0,29999.0,1
43184.0,9999.0,0
13890.0,13499.0,0
3622.0,18299.0,0
101691.0,11999.0,2
83050.0,18999.0,2
107250.0,11999.0,2
14599.0,23999.0,1
75622.0,15499.0,2
101625.0,11999.0,2
56949.0,13999.0,0
13670.0,26999.0,1
61290.0,23499.0,0
90155.0,9799.0,2
76970.0,13699.0,2
18421.0,16399.0,0
25769.0,27499.0,1
14146.0,16199.0,0
47295.0,14799.0,0
87700.0,16799.0,2
20297.0,32999.0,1
60560.0,14299.0,2
11471.0,18299.0,0
41176.0,13999.0,0
106880.0,18999.0,2
17797.0,32999.0,1
50145.0,18499.0,0
83761.0,20699.0,2
11888.0,23999.0,1
23310.0,28999.0,1
18026.0,22999.0,0
93664.0,20699.0,2
99086.0,14299.0,2
10132.0,18299.0,0
13573.0,22399.0,0
75430.0,12999.0,2
73645.0,26499.0,1
56265.0,18999.0,0
22836.0,32999.0,1
29230.0,11199.0,0
81151.0,21999.0,2
28612.0,17299.0,0
42841.0,13799.0,0
19728.0,19999.0,0
31236.0,28999.0,1
20494.0,22999.0,0
92192.0,17999.0,2
60068.0,10999.0,2
18980.0,15899.0,0
13346.0,24399.0,1
96651.0,13999.0,2
66634.0,15999.0,2
25550.0,23899.0,0
61900.0,9999.0,2
63590.0,15699.0,2
59616.0,14499.0,2
90900.0,9499.0,2
16215.0,24999.0,1
86055.0,9999.0,2
13904.0,16499.0,0
85915.0,12999.0,2
12065.0,28999.0,1
59057.0,17999.0,0
54705.0,17499.0,0
70200.0,13699.0,2
55043.0,21799.0,0
72918.0,12999.0,2
14391.0,22399.0,0
14372.0,22999.0,0
34947.0,15999.0,0
12772.0,22299.0,0
8048.0,19999.0,0
92446.0,20499.0,2
17853.0,24399.0,1
79263.0,13299.0,2
12322.0,15999.0,0
61426.0,14499.0,2
67325.0,13999.0,2
84507.0,20999.0,2
117265.0,20799.0,2
44535.0,15299.0,0
89280.0,18999.0,2
45715.0,10799.0,0
25633.0,17299.0,0
59935.0,14299.0,2
61412.0,16999.0,2
15088.0,17999.0,0
105815.0,18499.0,2
65905.0,13999.0,2
89909.0,18999.0,2
117724.0,14499.0,2
58428.0,14599.0,2
19460.0,24999.0,1
104764.0,14999.0,2
21864.0,29999.0,1
69315.0,13999.0,2
10665.0,17799.0,0
14323.0,13399.0,0
26366.0,30999.0,1
26905.0,12999.0,0
71037.0,12799.0,2
34852.0,21499.0,0
136185.0,18499.0,2
110231.0,10499.0,2
34155.0,12299.0,0
88550.0,10799.0,2
18699.0,17899.0,0
31567.0,15699.0,0
14105.0,13499.0,0
38956.0,27999.0,1
54657.0,11499.0,0
16676.0,18899.0,0
19434.0,22999.0,0
21057.0,28399.0,1
60758.0,14999.0,2
13762.0,25199.0,1
15520.0,13399.0,0
63003.0,17999.0,2
13088.0,16499.0,0
70755.0,13799.0,2
17688.0,15399.0,0
78870.0,11999.0,2
14509.0,17499.0,0
23162.0,24199.0,1
30482.0,20499.0,0
45963.0,12799.0,0
109310.0,12999.0,2
39925.0,10999.0,0
28500.0,11999.0,0
21801.0,18699.0,0
35180.0,20999.0,0
13390.0,13999.0,0
136860.0,12999.0,2
76511.0,15299.0,2
73355.0,14299.0,2
10035.0,14999.0,0
138347.0,21999.0,2
8772.0,15499.0,0
16125.0,13499.0,0
31720.0,21499.0,0
120719.0,10599.0,2
90645.0,11799.0,2
41137.0,11999.0,0
16590.0,15899.0,0
113487.0,11499.0,2
63288.0,12499.0,2
28135.0,18999.0,0
13551.0,16999.0,0
53730.0,11499.0,0
43010.0,16299.0,0
90034.0,13999.0,2
53104.0,11799.0,0
25100.0,16599.0,0
22980.0,21999.0,0
85643.0,13499.0,2
24805.0,14999.0,0
59235.0,12399.0,2
42529.0,9499.0,0
49967.0,11299.0,0
12177.0,28999.0,1
80090.0,22699.0,2
148069.0,14499.0,2
78065.0,11999.0,2
17802.0,19199.0,0
15419.0,15999.0,0
76859.0,12299.0,2
26241.0,13999.0,0
55715.0,12699.0,0
55420.0,12699.0,0
56840.0,12499.0,2
4834.0,15499.0,0
24888.0,20499.0,0
19244.0,15399.0,0
47840.0,12799.0,0
48160.0,12799.0,0
11908.0,16399.0,0
66442.0,9499.0,2
15200.0,16399.0,0
19399.0,17199.0,0
18109.0,16399.0,0
10103.0,15499.0,0
90569.0,8999.0,2
40821.0,13499.0,0
28534.0,21599.0,0
108641.0,15199.0,2
97715.0,9799.0,2
26216.0,16399.0,0
13235.0,33499.0,1
40660.0,19799.0,0
49320.0,14299.0,0
42531.0,12999.0,0
62703.0,15999.0,2
22912.0,18999.0,0
115605.0,10999.0,2
83930.0,11499.0,2
11235.0,13999.0,0
33750.0,16499.0,0
10327.0,27999.0,1
53928.0,12299.0,0
66755.0,10999.0,2
61343.0,17499.0,2
12320.0,17499.0,0
49439.0,13999.0,0
30581.0,15299.0,0
15080.0,28799.0,1
10.0,23299.0,1
20534.0,16699.0,0
59736.0,10999.0,2
2475.0,33299.0,1
69005.0,12999.0,2
98777.0,14299.0,2
99935.0,11299.0,2
51250.0,20499.0,0
17931.0,16899.0,0
29636.0,20999.0,0
135925.0,22999.0,2
38610.0,19499.0,0
3213.0,24999.0,1
26061.0,22499.0,0
66605.0,15299.0,2
27252.0,13999.0,0
35993.0,15999.0,0
37923.0,15499.0,0
6386.0,22399.0,0
30464.0,24999.0,1
38789.0,25499.0,1
76250.0,22499.0,2
71245.0,18999.0,2
26715.0,13799.0,0
42179.0,23999.0,0
32056.0,15999.0,0
1738.0,33499.0,1
25519.0,18499.0,0
41811.0,12999.0,0
61660.0,12799.0,2
8400.0,24999.0,1
15885.0,37799.0,1
15742.0,22099.0,0
38245.0,15999.0,0
33525.0,23799.0,0
22130.0,27999.0,1
83536.0,16999.0,2
48700.0,13999.0,0
35623.0,28499.0,1
69047.0,16999.0,2
34895.0,26499.0,1
78680.0,23999.0,2
34631.0,16999.0,0
68085.0,10699.0,2
90735.0,8999.0,2
84706.0,14499.0,2
24060.0,18499.0,0
26698.0,25499.0,1
104447.0,16499.0,2
21565.0,22099.0,0
59152.0,12099.0,2
13270.0,17499.0,0
138010.0,13999.0,2
55942.0,11999.0,2
29400.0,15499.0,0
37440.0,18999.0,0
20917.0,21999.0,0
92472.0,9999.0,2
7226.0,27499.0,1
63620.0,13999.0,2
71517.0,11999.0,2
49665.0,11499.0,0
100523.0,16699.0,2
61717.0,13999.0,2
44621.0,25999.0,1
51051.0,15999.0,0
105850.0,20999.0,2
66315.0,14999.0,2
1872.0,33499.0,1
94696.0,12299.0,2
16744.0,24199.0,1
86305.0,11399.0,2
15800.0,17299.0,0
62405.0,12999.0,2
65061.0,13499.0,2
9345.0,24699.0,1
56960.0,18499.0,0
72827.0,14499.0,2
5035.0,27499.0,1
37235.0,27999.0,1
52740.0,22999.0,0
4056.0,17999.0,0
116483.0,18999.0,2
29714.0,14199.0,0
79980.0,11499.0,2
71640.0,10999.0,2
20993.0,16699.0,0
23045.0,25999.0,1
65631.0,12499.0,2
50410.0,27499.0,1
58893.0,10799.0,2
17080.0,17999.0,0
3725.0,28999.0,1
225.0,21299.0,0
78610.0,11999.0,2
51512.0,20999.0,0
6006.0,33499.0,1
71889.0,15399.0,2
23366.0,33099.0,1
51555.0,25499.0,1
54450.0,13499.0,0
50776.0,18299.0,0
5091.0,20999.0,0
20957.0,21499.0,0
70178.0,12999.0,2
20847.0,18999.0,0
72275.0,12099.0,2
68830.0,11999.0,2
73775.0,13999.0,2
13262.0,19499.0,0
38811.0,20499.0,0
37605.0,13499.0,0
26352.0,20399.0,0
75747.0,14999.0,2
34141.0,26999.0,1
3881.0,22999.0,0
44841.0,13499.0,0
17122.0,18399.0,0
104775.0,11299.0,2
8000.0,24499.0,1
7901.0,19399.0,0
46663.0,15499.0,0
67749.0,13499.0,2
40700.0,21999.0,0
853.0,22999.0,0
98133.0,10999.0,2
16415.0,25399.0,1
14697.0,17699.0,0
4420.0,24999.0,1
41825.0,17399.0,0
80271.0,13299.0,2
24017.0,22999.0,0
55540.0,16299.0,0
12497.0,19999.0,0
79964.0,10999.0,2
61260.0,22499.0,0
92837.0,13799.0,2
58885.0,13599.0,2
44212.0,15299.0,0
83325.0,12499.0,2
74606.0,10499.0,2
14734.0,14999.0,0
44725.0,13799.0,0
9783.0,27999.0,1
90871.0,14499.0,2
22710.0,33099.0,1
88170.0,16499.0,2
6106.0,29499.0,1
3410.0,33499.0,1
117511.0,12999.0,2
46452.0,12099.0,0
66045.0,13499.0,2
44735.0,13599.0,0
11309.0,19399.0,0
48945.0,16499.0,0
80949.0,21999.0,2
28734.0,16499.0,0
71621.0,12499.0,2
20835.0,17899.0,0
53277.0,12099.0,0
48390.0,17799.0,0
38963.0,31499.0,1
61937.0,13999.0,2
12364.0,22999.0,0
77239.0,12499.0,2
3235.0,32499.0,1
5113.0,24999.0,1
78361.0,15999.0,2
8741.0,33299.0,1
42055.0,14799.0,0
61791.0,18299.0,2
65685.0,17999.0,2
49850.0,11999.0,0
12900.0,17999.0,0
5235.0,24999.0,1
97011.0,19499.0,2
42659.0,15999.0,0
12599.0,25199.0,1
13340.0,25699.0,1
61324.0,16999.0,2
45457.0,20699.0,0
42039.0,20799.0,0
12930.0,28999.0,1
13954.0,22399.0,0
68731.0,9999.0,2
122790.0,17399.0,2
21286.0,26999.0,1
6242.0,32399.0,1
52711.0,12499.0,0
73285.0,14599.0,2
6147.0,23899.0,1
29165.0,20499.0,0
9855.0,31899.0,1
1237.0,22999.0,0
3785.0,22999.0,0
22725.0,22099.0,0
90260.0,11299.0,2
78379.0,10999.0,2
30934.0,12999.0,0
16220.0,17999.0,0
29399.0,18999.0,0
4664.0,20399.0,0
15494.0,17999.0,0
4545.0,32499.0,1
63797.0,18899.0,2
84845.0,10999.0,2
23068.0,17999.0,0
98450.0,12299.0,2
111224.0,17299.0,2
60990.0,15999.0,2
440.0,28999.0,1
67738.0,14499.0,2
14318.0,17999.0,0
19638.0,27699.0,1
17043.0,20999.0,0
5084.0,32399.0,1
72038.0,12299.0,2
7587.0,20399.0,0
49257.0,11999.0,0
95282.0,19799.0,2
24167.0,23499.0,0
14760.0,14499.0,0
59915.0,20999.0,0
9745.0,30899.0,1
13850.0,19399.0,0
4706.0,27499.0,1
23299.0,32699.0,1
10444.0,31999.0,1
90232.0,16499.0,2
34216.0,14999.0,0
20170.0,18599.0,0
24765.0,37299.0,1
51669.0,22199.0,0
28993.0,19499.0,0
52643.0,16999.0,0
43994.0,13799.0,0
76746.0,18999.0,2
3824.0,33499.0,1
3905.0,9299.0,0
22514.0,14199.0,0
17068.0,17999.0,0
102170.0,11299.0,2
12092.0,19399.0,0
3062.0,33499.0,1
44438.0,18499.0,0
126043.0,14299.0,2
20189.0,17499.0,0
84740.0,11699.0,2
57755.0,19999.0,0
66024.0,19499.0,2
49592.0,23999.0,0
10730.0,25799.0,1
4891.0,20399.0,0
4090.0,28999.0,1
1608.0,33499.0,1
71537.0,18999.0,2
98458.0,19299.0,2
51565.0,14199.0,0
20868.0,19199.0,0
63810.0,11499.0,2
55487.0,11999.0,2
17899.0,18399.0,0
3941.0,29499.0,1
16394.0,17999.0,0
4078.0,29499.0,1
18199.0,19399.0,0
95437.0,17799.0,2
25480.0,17199.0,0
20898.0,17699.0,0
20344.0,17699.0,0
3980.0,29499.0,1
67780.0,18299.0,2
11304.0,18399.0,0
79550.0,13499.0,2
35995.0,24999.0,1
29228.0,17999.0,0
19631.0,26799.0,1
8356.0,22999.0,0
5638.0,33299.0,1
57881.0,22499.0,0
71181.0,16499.0,2
82796.0,11999.0,2
10850.0,31999.0,1
7515.0,29399.0,1
86666.0,18499.0,2
124470.0,16699.0,2
20420.0,21699.0,0
45217.0,13999.0,0
68525.0,11399.0,2
3151.0,33499.0,1
19185.0,21999.0,0
3726.0,33499.0,1
41050.0,14999.0,0
35760.0,26999.0,1
21942.0,17199.0,0
41654.0,27199.0,1
76143.0,18299.0,2
28498.0,33199.0,1
20271.0,20999.0,0
93223.0,17999.0,2
33570.0,23999.0,0
4201.0,28999.0,1
120282.0,15999.0,2
11978.0,27999.0,1
43315.0,19999.0,0
11.0,32299.0,1
108438.0,15299.0,2
15430.0,18699.0,0
64460.0,12499.0,2
21691.0,18699.0,0
21249.0,18699.0,0
5735.0,33499.0,1
5590.0,27499.0,1
46265.0,22799.0,0
52374.0,22499.0,0
14665.0,26999.0,1
21649.0,35099.0,1
90209.0,16299.0,2
5425.0,27499.0,1
62444.0,26099.0,1
4577.0,28999.0,1
4930.0,29999.0,1
7015.0,27499.0,1
50530.0,15499.0,0
13425.0,19299.0,0
47225.0,24499.0,0
82610.0,21499.0,2
109385.0,15499.0,2
29000.0,23999.0,0
100000.0,16999.0,2
5327.0,32399.0,1
7432.0,32399.0,1
135150.0,14999.0,2
21183.0,17499.0,0
110200.0,18799.0,2
42980.0,15299.0,0
29789.0,27499.0,1
7165.0,27499.0,1
49613.0,21999.0,0
87280.0,12599.0,2
78068.0,18499.0,2
75464.0,18999.0,2
118539.0,18399.0,2
60185.0,23799.0,0
60830.0,21999.0,0
61019.0,11499.0,2
62952.0,18499.0,2
36224.0,29799.0,1
58315.0,19499.0,0
99430.0,15499.0,2
19600.0,23399.0,0
38863.0,15499.0,0
71336.0,18799.0,2
38316.0,17299.0,0
133867.0,10999.0,2
79856.0,16199.0,2
47740.0,17799.0,0
68135.0,18799.0,2
45200.0,22999.0,0
68246.0,17999.0,2
46551.0,16499.0,0
46105.0,18999.0,0
76964.0,19699.0,2
20314.0,22899.0,0
12775.0,15699.0,0
84898.0,17999.0,2
61925.0,9499.0,2
91989.0,15999.0,2
98362.0,21999.0,2
41153.0,34499.0,1
74901.0,18699.0,2
57911.0,21999.0,0
21615.0,26999.0,1
52425.0,17399.0,0
26544.0,24799.0,1
54605.0,30399.0,1
14090.0,25499.0,1
102956.0,19199.0,2
77770.0,22999.0,2
41617.0,22999.0,0
70124.0,18099.0,2
13924.0,11199.0,0
4295.0,27499.0,1
65092.0,38999.0,1
52760.0,20799.0,0
85428.0,21999.0,2
55221.0,18599.0,0
19223.0,22499.0,0
93123.0,8399.0,2
9229.0,26999.0,1
12300.0,30999.0,1
9000.0,29399.0,1
11610.0,24699.0,1
42000.0,22999.0,0
89206.0,14999.0,2
41860.0,30999.0,1
41075.0,23999.0,0
50259.0,22999.0,0
60898.0,26699.0,1
56070.0,9799.0,2
24145.0,23499.0,0
51804.0,20499.0,0
32850.0,32499.0,1
20370.0,36899.0,1
38330.0,25999.0,1
60426.0,12999.0,2
12335.0,19299.0,0
70652.0,14199.0,2
6349.0,12499.0,0
14700.0,23199.0,0
43115.0,11999.0,0
14564.0,32899.0,1
135844.0,10699.0,2
45.0,31299.0,1
49907.0,42499.0,1
20215.0,37999.0,1
5545.0,26499.0,1
24131.0,18999.0,0
12880.0,33499.0,1
45754.0,23499.0,0
79533.0,10999.0,2
11075.0,23999.0,1
54742.0,18999.0,0
58967.0,18799.0,0
43992.0,21199.0,0
19354.0,37499.0,1
6424.0,24999.0,1
25633.0,14499.0,0
20612.0,10599.0,0
38961.0,22999.0,0
33811.0,16999.0,0
42001.0,23499.0,0
43012.0,28099.0,1
26000.0,32499.0,1
29176.0,21899.0,0
79565.0,12499.0,2
60840.0,32999.0,1
41732.0,22499.0,0
54052.0,9599.0,2
37624.0,12299.0,0
54759.0,20399.0,0
14576.0,23999.0,1
25650.0,30799.0,1
48534.0,20599.0,0
27973.0,22499.0,0
16625.0,36999.0,1
48362.0,20699.0,0
22898.0,16499.0,0
30742.0,21299.0,0
107898.0,19499.0,2
102735.0,13999.0,2
25380.0,30799.0,1
15248.0,28699.0,1
27679.0,27399.0,1
4060.0,22999.0,0
38674.0,36999.0,1
36184.0,19499.0,0
7976.0,35399.0,1
26864.0,21599.0,0
47619.0,30699.0,1
30878.0,22899.0,0
14650.0,22999.0,0
71598.0,23999.0,2
19215.0,27499.0,1
34075.0,21999.0,0
23122.0,21699.0,0
18425.0,22999.0,0
17681.0,27499.0,1
31830.0,21499.0,0
97199.0,14299.0,2
23480.0,30980.0,1
60025.0,18999.0,0
18098.0,22399.0,0
37140.0,11999.0,0
7695.0,35799.0,1
9345.0,18999.0,0
22716.0,21399.0,0
16950.0,38999.0,1
1550.0,37999.0,1
36450.0,30999.0,1
68077.0,13999.0,2
7002.0,17499.0,0
10.0,32299.0,1
58275.0,20699.0,0
54867.0,6799.0,2
83153.0,12699.0,2
56480.0,17299.0,0
47920.0,11599.0,0
46958.0,11899.0,0
26450.0,32899.0,1
6502.0,20999.0,0
35500.0,26399.0,1
34384.0,9499.0,0
18720.0,38799.0,1
146170.0,12999.0,2
13195.0,34299.0,1
58375.0,29999.0,1
20919.0,13499.0,0
59592.0,18799.0,0
3530.0,40799.0,1
51630.0,13999.0,0
60488.0,22999.0,0
19328.0,17999.0,0
54161.0,19999.0,0
31704.0,31799.0,1
22200.0,33999.0,1
42132.0,22899.0,0
23060.0,28999.0,1
30775.0,14799.0,0
10.0,34299.0,1
21946.0,31399.0,1
47716.0,30699.0,1
8270.0,30999.0,1
73407.0,13999.0,2
17285.0,21499.0,0
17482.0,20999.0,0
88542.0,25999.0,2
19240.0,34999.0,1
12220.0,14499.0,0
18675.0,21999.0,0
4675.0,35499.0,1
40325.0,16499.0,0
35268.0,12199.0,0
19380.0,25999.0,1
41192.0,15999.0,0
28650.0,37999.0,1
43225.0,12299.0,0
56669.0,17299.0,0
72852.0,10499.0,2
49205.0,31699.0,1
36657.0,12999.0,0
61923.0,22999.0,0
4845.0,24399.0,1
35365.0,32499.0,1
12008.0,12499.0,0
29806.0,12999.0,0
15285.0,30799.0,1
47885.0,24999.0,1
99053.0,14799.0,2
17300.0,38999.0,1
114150.0,10999.0,2
4992.0,27999.0,1
59820.0,25499.0,1
82081.0,22499.0,2
30372.0,23099.0,0
4000.0,28999.0,1
44470.0,12999.0,0
44228.0,30799.0,1
15876.0,15699.0,0
37572.0,33499.0,1
1135.0,17999.0,0
71019.0,30699.0,1
27783.0,39499.0,1
29945.0,35499.0,1
22610.0,39499.0,1
100907.0,15999.0,2
11836.0,14999.0,0
8175.0,12999.0,0
17680.0,37899.0,1
23475.0,17999.0,0
88690.0,25099.0,2
124193.0,20999.0,2
59030.0,14999.0,2
12129.0,13799.0,0
40450.0,13999.0,0
20495.0,29899.0,1
24300.0,37499.0,1
26250.0,38199.0,1
10833.0,11599.0,0
5396.0,28399.0,1
45938.0,12299.0,0
55730.0,16599.0,0
107060.0,13999.0,2
18260.0,37699.0,1
12913.0,31499.0,1
32215.0,12499.0,0
56586.0,33999.0,1
31035.0,13499.0,0
9630.0,12999.0,0
12235.0,15999.0,0
20092.0,32399.0,1
21475.0,23817.0,1
111885.0,10299.0,2
11954.0,13799.0,0
12037.0,13999.0,0
47625.0,15499.0,0
17586.0,14999.0,0
18980.0,33999.0,1
98800.0,16999.0,2
15465.0,33299.0,1
82360.0,18999.0,2
71913.0,39199.0,1
61695.0,20999.0,0
103015.0,22799.0,2
127018.0,11499.0,2
19416.0,13699.0,0
48769.0,14499.0,0
39763.0,12899.0,0
12331.0,21499.0,0
26510.0,25999.0,1
8937.0,21999.0,0
42240.0,19499.0,0
23000.0,20199.0,0
139670.0,18999.0,2
13280.0,14999.0,0
110835.0,10499.0,2
14900.0,33899.0,1
26262.0,13999.0,0
8448.0,17999.0,0
103008.0,14799.0,2
6419.0,24499.0,1
5875.0,27499.0,1
104770.0,12799.0,2
11151.0,24399.0,1
9504.0,16199.0,0
112796.0,16999.0,2
59930.0,22999.0,0
4142.0,39999.0,1
47728.0,27799.0,1
41290.0,30999.0,1
137225.0,13999.0,2
18.0,25099.0,1
3990.0,28399.0,1
5805.0,24199.0,1
70453.0,12999.0,2
17085.0,10499.0,0
46053.0,26099.0,1
116694.0,22699.0,2
66186.0,22699.0,2
57769.0,14999.0,0
104062.0,23999.0,2
49425.0,21999.0,0
133175.0,14999.0,2
141096.0,17799.0,2
42150.0,29999.0,1
108200.0,14999.0,2
42025.0,15999.0,0
45460.0,19799.0,0
99281.0,10799.0,2
99386.0,21999.0,2
4585.0,24399.0,1
16368.0,31399.0,1
26579.0,31399.0,1
14810.0,20999.0,0
49170.0,22299.0,0
42475.0,13499.0,0
6210.0,27999.0,1
126640.0,12999.0,2
49985.0,18999.0,0
3975.0,28399.0,1
123367.0,12499.0,2
46105.0,15799.0,0
70718.0,27399.0,1
57553.0,17999.0,0
108446.0,15499.0,2
74598.0,11799.0,2
14468.0,24399.0,1
32083.0,15499.0,0
47222.0,16999.0,0
74234.0,19399.0,2
91611.0,18499.0,2
82513.0,15999.0,2
51744.0,18699.0,0
10205.0,31499.0,1
47045.0,12499.0,0
109553.0,13999.0,2
15636.0,16199.0,0
961.0,30999.0,1
9538.0,46475.0,1
110045.0,9499.0,2
107687.0,22999.0,2
105325.0,10999.0,2
30889.0,16999.0,0
45239.0,14499.0,0
123250.0,12699.0,2
10052.0,22999.0,0
106798.0,18999.0,2
24014.0,8999.0,0
43390.0,6999.0,0
28310.0,13999.0,0
104263.0,18999.0,2
3318.0,27999.0,1
80510.0,20799.0,2
23396.0,15799.0,0
51800.0,14999.0,0
87624.0,17499.0,2
87309.0,11199.0,2
145845.0,12199.0,2
109145.0,10499.0,2
5498.0,27999.0,1
51425.0,12999.0,0
35193.0,7299.0,0
120994.0,12999.0,2
55622.0,16499.0,0
21362.0,29499.0,1
111883.0,10499.0,2
72810.0,15999.0,2
119686.0,14699.0,2
80729.0,13599.0,2
32216.0,30499.0,1
60265.0,15999.0,2
9635.0,11299.0,0
7536.0,30999.0,1
7610.0,24499.0,1
24760.0,19999.0,0
64105.0,17799.0,2
75795.0,13999.0,2
78265.0,20999.0,2
47442.0,31399.0,1
19660.0,33999.0,1
45183.0,21999.0,0
55503.0,15799.0,0
30867.0,26299.0,1
43984.0,6999.0,0
107522.0,13499.0,2
35095.0,20699.0,0
69615.0,12799.0,2
53880.0,29999.0,1
71395.0,16199.0,2
21858.0,17499.0,0
72714.0,15799.0,2
69397.0,18299.0,2
108750.0,21799.0,2
4123.0,25499.0,1
4860.0,37899.0,1
62425.0,16999.0,2
27332.0,20699.0,0
9465.0,37699.0,1
34473.0,18299.0,0
72583.0,30999.0,1
64161.0,23999.0,0
111535.0,13499.0,2
10667.0,25399.0,1
75952.0,14999.0,2
62985.0,17499.0,2
84580.0,15999.0,2
62143.0,22499.0,0
52903.0,18999.0,0
32476.0,22699.0,0
30045.0,22199.0,0
19655.0,22499.0,0
83450.0,17999.0,2
17570.0,35999.0,1
76446.0,12499.0,2
59094.0,20099.0,0
36290.0,30499.0,1
15778.0,33399.0,1
25604.0,24799.0,1
14008.0,29899.0,1
46460.0,22499.0,0
121230.0,12999.0,2
35589.0,15799.0,0
56105.0,18799.0,0
20761.0,32999.0,1
95806.0,16499.0,2
28544.0,13999.0,0
130217.0,15499.0,2
17086.0,36499.0,1
30466.0,25799.0,1
101225.0,14299.0,2
39505.0,13499.0,0
78322.0,20999.0,2
31237.0,13299.0,0
32483.0,14999.0,0
45851.0,18999.0,0
31155.0,12999.0,0
81250.0,18999.0,2
71114.0,15199.0,2
105900.0,15499.0,2
51360.0,15999.0,0
50333.0,28599.0,1
56408.0,9799.0,2
67099.0,28999.0,1
64390.0,12499.0,2
99182.0,12499.0,2
91771.0,14999.0,2
69563.0,15499.0,2
130942.0,13799.0,2
10890.0,24999.0,1
13578.0,11499.0,0
9240.0,46899.0,1
36505.0,21499.0,0
18290.0,34899.0,1
69350.0,17299.0,2
105893.0,14999.0,2
34230.0,21499.0,0
12000.0,44999.0,1
28158.0,32999.0,1
80335.0,23499.0,2
25873.0,27399.0,1
92925.0,14499.0,2
111357.0,13499.0,2
17516.0,45999.0,1
61913.0,18499.0,2
85481.0,10999.0,2
35943.0,19999.0,0
40045.0,9499.0,0
100668.0,14799.0,2
49839.0,27999.0,1
49955.0,15399.0,0
69850.0,12999.0,2
32085.0,9999.0,0
14370.0,33499.0,1
65960.0,14999.0,2
73715.0,13499.0,2
58487.0,13499.0,2
54903.0,23499.0,0
27753.0,33999.0,1
23892.0,24299.0,1
20210.0,32899.0,1
472.0,17199.0,0
56446.0,18499.0,0
2978.0,21999.0,0
58570.0,12999.0,2
86283.0,18499.0,2
71330.0,30799.0,1
12527.0,37499.0,1
12.0,27999.0,1
6968.0,33999.0,1
67695.0,15799.0,2
16158.0,33299.0,1
55919.0,18499.0,0
76050.0,8799.0,2
18639.0,27999.0,1
26350.0,33999.0,1
91428.0,15999.0,2
11030.0,37499.0,1
15585.0,19499.0,0
120209.0,15499.0,2
121706.0,14499.0,2
68670.0,15499.0,2
116965.0,13999.0,2
10.0,29599.0,1
13013.0,24999.0,1
106072.0,15299.0,2
94260.0,12499.0,2
56612.0,26999.0,1
41634.0,30499.0,1
61278.0,12999.0,2
43677.0,18999.0,0
42959.0,32999.0,1
34969.0,16499.0,0
45102.0,17499.0,0
34280.0,21999.0,0
3876.0,25399.0,1
9075.0,20499.0,0
80308.0,14299.0,2
110217.0,9499.0,2
56594.0,23799.0,0
23243.0,26299.0,1
24450.0,20999.0,0
54030.0,15299.0,0
86115.0,25999.0,2
26430.0,33899.0,1
20185.0,16499.0,0
21185.0,37999.0,1
5038.0,25399.0,1
19798.0,37499.0,1
5602.0,27999.0,1
68667.0,12299.0,2
30043.0,29599.0,1
29082.0,8299.0,0
45625.0,29699.0,1
119122.0,20499.0,2
83640.0,33999.0,1
18260.0,25999.0,1
28376.0,18099.0,0
17925.0,21299.0,0
126300.0,22499.0,2
1931.0,25399.0,1
6258.0,25499.0,1
21031.0,23299.0,0
22622.0,44499.0,1
51250.0,29999.0,1
12801.0,42999.0,1
22961.0,18999.0,0
32788.0,15099.0,0
29086.0,27699.0,1
54368.0,20499.0,0
62720.0,25999.0,1
85500.0,24299.0,2
81917.0,8499.0,2
13283.0,27799.0,1
89310.0,16499.0,2
60432.0,9999.0,2
79071.0,18499.0,2
19350.0,23999.0,1
36619.0,16799.0,0
84510.0,15699.0,2
12358.0,10999.0,0
73564.0,22799.0,2
45950.0,13999.0,0
10532.0,15499.0,0
43658.0,19599.0,0
62306.0,18499.0,2
60900.0,9299.0,2
12827.0,27499.0,1
33565.0,18799.0,0
52840.0,21999.0,0
8643.0,28999.0,1
19834.0,16699.0,0
45364.0,23399.0,0
100642.0,27999.0,2
11165.0,20999.0,0
27098.0,18499.0,0
44407.0,14699.0,0
6155.0,14799.0,0
111998.0,14299.0,2
66168.0,15999.0,2
7037.0,24499.0,1
115264.0,13999.0,2
34515.0,17799.0,0
36564.0,20499.0,0
2905.0,44499.0,1
37625.0,15499.0,0
77600.0,10299.0,2
8372.0,25399.0,1
37888.0,23599.0,0
24605.0,19499.0,0
4975.0,27999.0,1
67493.0,13999.0,2
65165.0,25699.0,1
59916.0,16199.0,2
8262.0,15999.0,0
62350.0,27499.0,1
24535.0,24099.0,1
123480.0,15999.0,2
17039.0,20999.0,0
19435.0,10999.0,0
90833.0,16499.0,2
62690.0,9499.0,2
115103.0,19299.0,2
5210.0,27999.0,1
11550.0,10999.0,0
10123.0,12999.0,0
56220.0,14999.0,0
63390.0,13299.0,2
44746.0,17699.0,0
136790.0,17999.0,2
24841.0,21999.0,0
85949.0,11499.0,2
32550.0,20999.0,0
54288.0,23699.0,0
19796.0,33199.0,1
80.0,28999.0,1
59665.0,28499.0,1
24693.0,19999.0,0
47800.0,23499.0,0
6695.0,14499.0,0
79545.0,18999.0,2
12515.0,20799.0,0
64824.0,15499.0,2
10.0,32499.0,1
35256.0,29699.0,1
10962.0,25899.0,1
10604.0,11999.0,0
49680.0,15999.0,0
17530.0,20699.0,0
73890.0,23499.0,2
92700.0,13399.0,2
76005.0,21299.0,2
14056.0,23699.0,1
67430.0,18999.0,2
88200.0,21699.0,2
59031.0,14799.0,2
43905.0,29999.0,1
25703.0,10499.0,0
3767.0,24999.0,1
68177.0,16799.0,2
6820.0,20499.0,0
52960.0,16999.0,0
2760.0,29999.0,1
18950.0,19499.0,0
48430.0,18999.0,0
25891.0,20799.0,0
85015.0,29499.0,1
86211.0,12499.0,2
89230.0,13499.0,2
30598.0,27699.0,1
16920.0,22999.0,0
119551.0,21699.0,2
6116.0,14799.0,0
99051.0,13999.0,2
44812.0,29999.0,1
12525.0,29999.0,1
5700.0,22499.0,0
24306.0,21499.0,0
86425.0,18499.0,2
110040.0,12499.0,2
97734.0,15999.0,2
115125.0,16999.0,2
17445.0,30799.0,1
84275.0,14799.0,2
55500.0,24999.0,1
13079.0,24999.0,1
33315.0,23499.0,0
75425.0,8499.0,2
45556.0,18499.0,0
96100.0,13499.0,2
50544.0,19699.0,0
115406.0,21799.0,2
3778.0,37999.0,1
19908.0,19999.0,0
111592.0,12699.0,2
3673.0,27399.0,1
116114.0,15999.0,2
98414.0,8999.0,2
84018.0,11999.0,2
8830.0,31899.0,1
45329.0,15999.0,0
109716.0,12799.0,2
17887.0,10999.0,0
53163.0,18299.0,0
18397.0,19799.0,0
37512.0,23999.0,0
51760.0,12799.0,0
114325.0,12799.0,2
103203.0,17699.0,2
961.0,27499.0,1
53523.0,15499.0,0
63124.0,21999.0,0
14320.0,31299.0,1
3079.0,16999.0,0
26280.0,18799.0,0
12119.0,18499.0,0
45750.0,24999.0,1
80975.0,13999.0,2
2660.0,23999.0,1
7741.0,26199.0,1
26873.0,20999.0,0
86292.0,17299.0,2
84519.0,18499.0,2
23691.0,25999.0,1
4035.0,20999.0,0
106805.0,15999.0,2
30163.0,27399.0,1
25605.0,23499.0,0
18016.0,12499.0,0
61999.0,15299.0,2
91164.0,15999.0,2
106063.0,16499.0,2
47845.0,20099.0,0
78726.0,20799.0,2
17641.0,23699.0,1
25105.0,18499.0,0
83968.0,15499.0,2
36353.0,21499.0,0
10805.0,11199.0,0
88330.0,12999.0,2
6350.0,24899.0,1
81050.0,17499.0,2
25979.0,23199.0,0
38744.0,20899.0,0
30952.0,10299.0,0
7445.0,11699.0,0
42285.0,21999.0,0
81970.0,19499.0,2
62372.0,17299.0,2
68510.0,17999.0,2
26498.0,26999.0,1
103029.0,13999.0,2
9900.0,24399.0,1
19125.0,17499.0,0
84230.0,27999.0,2
21737.0,12999.0,0
33602.0,18099.0,0
104100.0,20999.0,2
32479.0,19799.0,0
34999.0,27699.0,1
3069.0,25499.0,1
63573.0,13999.0,2
31509.0,12599.0,0
71262.0,19599.0,2
5016.0,24999.0,1
42644.0,24199.0,0
44792.0,23499.0,0
90379.0,14999.0,2
25267.0,24899.0,1
39257.0,22999.0,0
2622.0,21499.0,0
60918.0,23099.0,0
8820.0,34599.0,1
72257.0,26999.0,1
16156.0,29999.0,1
54575.0,20999.0,0
78259.0,20099.0,2
339.0,29899.0,1
7083.0,17999.0,0
38117.0,18499.0,0
3017.0,24999.0,1
9990.0,24999.0,1
21344.0,19999.0,0
83191.0,17199.0,2
24510.0,26999.0,1
75462.0,21499.0,2
21785.0,11999.0,0
12799.0,15999.0,0
95779.0,16799.0,2
27665.0,20499.0,0
16662.0,11299.0,0
72385.0,25099.0,2
62222.0,13999.0,2
65100.0,13299.0,2
45552.0,17999.0,0
50586.0,20899.0,0
17502.0,19999.0,0
30165.0,20299.0,0
83620.0,13999.0,2
49562.0,17999.0,0
27490.0,26999.0,1
68015.0,15499.0,2
74299.0,21599.0,2
81400.0,9299.0,2
35795.0,27899.0,1
66852.0,19499.0,2
19489.0,25099.0,1
37208.0,12999.0,0
15861.0,23399.0,0
19942.0,20999.0,0
22295.0,24999.0,1
117346.0,20599.0,2
48526.0,19999.0,0
100430.0,11999.0,2
8450.0,31499.0,1
106355.0,17999.0,2
22940.0,36899.0,1
82926.0,13599.0,2
41890.0,18499.0,0
120213.0,11999.0,2
19786.0,29999.0,1
42620.0,18999.0,0
31457.0,20999.0,0
67110.0,25999.0,1
43050.0,18999.0,0
76595.0,17399.0,2
40608.0,22499.0,0
20787.0,26099.0,1
17937.0,11499.0,0
58560.0,24999.0,0
59350.0,16999.0,0
28736.0,23899.0,0
5379.0,27399.0,1
70240.0,15499.0,2
34747.0,18999.0,0
19675.0,30999.0,1
64758.0,16499.0,2
112730.0,11299.0,2
29343.0,19999.0,0
34034.0,23899.0,0
13314.0,26999.0,1
18624.0,24999.0,1
68214.0,19499.0,2
24025.0,11399.0,0
32625.0,32499.0,1
44040.0,23499.0,0
14096.0,31299.0,1
14990.0,11799.0,0
23252.0,10599.0,0
95293.0,17499.0,2
50823.0,24299.0,0
65895.0,14499.0,2
14529.0,27999.0,1
93606.0,15999.0,2
113195.0,19499.0,2
65377.0,11599.0,2
10800.0,26799.0,1
28436.0,20999.0,0
55559.0,18799.0,0
13914.0,28799.0,1
29736.0,12499.0,0
34480.0,29999.0,1
56645.0,17499.0,0
38975.0,17599.0,0
28815.0,32699.0,1
27985.0,11499.0,0
102818.0,11299.0,2
64800.0,22499.0,0
77149.0,17999.0,2
24515.0,19999.0,0
18460.0,20499.0,0
14500.0,19999.0,0
20245.0,20499.0,0
66554.0,13999.0,2
18955.0,33999.0,1
27841.0,24899.0,1
40105.0,19999.0,0
51280.0,25499.0,1
7100.0,33999.0,1
48165.0,25499.0,1
35105.0,21999.0,0
97490.0,12499.0,2
116160.0,16999.0,2
32200.0,53399.0,1
83181.0,15399.0,2
92723.0,20499.0,2
70.0,34099.0,1
33895.0,28799.0,1
64221.0,16099.0,2
34125.0,11999.0,0
82487.0,13999.0,2
52862.0,24999.0,1
39320.0,17499.0,0
10.0,26499.0,1
72806.0,19699.0,2
45618.0,20799.0,0
102691.0,10999.0,2
36483.0,19499.0,0
97890.0,15499.0,2
42110.0,20499.0,0
61445.0,22499.0,0
63439.0,23099.0,0
12237.0,16299.0,0
103451.0,13999.0,2
69845.0,28999.0,1
41029.0,14699.0,0
100945.0,12999.0,2
46667.0,17499.0,0
83405.0,21499.0,2
8.0,24999.0,1
25363.0,19999.0,0
11280.0,30999.0,1
75834.0,29499.0,1
57921.0,13999.0,2
87831.0,14299.0,2
23856.0,9299.0,0
76926.0,13499.0,2
65135.0,11499.0,2
98458.0,13499.0,2
90449.0,14299.0,2
110910.0,13999.0,2
25986.0,53399.0,1
54516.0,12499.0,0
12615.0,30999.0,1
64844.0,24999.0,0
13374.0,16799.0,0
10571.0,17299.0,0
60575.0,24999.0,0
67718.0,21999.0,2
29600.0,28999.0,1
88832.0,16499.0,2
43670.0,28099.0,1
68035.0,23499.0,2
10.0,44299.0,1
38876.0,16999.0,0
63387.0,34999.0,1
62718.0,10999.0,2
20941.0,22999.0,0
40122.0,10499.0,0
66756.0,16999.0,2
60949.0,19099.0,0
72101.0,16499.0,2
19061.0,12799.0,0
23856.0,28999.0,1
110235.0,16499.0,2
69890.0,10999.0,2
97516.0,14799.0,2
19406.0,19399.0,0
10657.0,25999.0,1
118630.0,14999.0,2
73628.0,14499.0,2
52211.0,27099.0,1
27312.0,33499.0,1
59690.0,18999.0,0
12635.0,28599.0,1
15870.0,15499.0,0
22092.0,36499.0,1
61730.0,21499.0,0
28176.0,25899.0,1
59791.0,13999.0,2
35706.0,23999.0,0
29809.0,27399.0,1
15650.0,24999.0,1
80630.0,14299.0,2
40865.0,32999.0,1
76682.0,14499.0,2
80759.0,16499.0,2
48780.0,15999.0,0
106470.0,13799.0,2
7823.0,30499.0,1
95532.0,19999.0,2
99363.0,19999.0,2
33018.0,20499.0,0
18013.0,29699.0,1
63352.0,29499.0,1
19518.0,22999.0,0
51088.0,24999.0,1
31279.0,26499.0,1
22250.0,25999.0,1
59325.0,18499.0,0
120475.0,13999.0,2
77850.0,14999.0,2
51005.0,14999.0,0
29017.0,28499.0,1
46635.0,20499.0,0
24815.0,22999.0,0
9869.0,17999.0,0
124533.0,17499.0,2
93002.0,11799.0,2
5013.0,36999.0,1
119213.0,19699.0,2
81685.0,17499.0,2
83498.0,23999.0,2
13088.0,27499.0,1
50002.0,25299.0,1
119531.0,15999.0,2
15061.0,17999.0,0
16730.0,30199.0,1
32087.0,32199.0,1
76334.0,19999.0,2
85045.0,11499.0,2
73726.0,19199.0,2
14021.0,30999.0,1
33692.0,25499.0,1
71862.0,15199.0,2
91334.0,18799.0,2
80786.0,26499.0,2
42635.0,16999.0,0
11853.0,29999.0,1
98131.0,15999.0,2
35780.0,23099.0,0
50889.0,25999.0,1
88425.0,16999.0,2
66427.0,20499.0,2
19875.0,20599.0,0
82080.0,22999.0,2
59340.0,17999.0,0
24940.0,25399.0,1
650.0,28499.0,1
106912.0,16999.0,2
18170.0,18999.0,0
920.0,19999.0,0
98573.0,16999.0,2
50472.0,14299.0,0
133678.0,27999.0,2
104026.0,26799.0,2
85925.0,20999.0,2
22555.0,27599.0,1
22500.0,27399.0,1
41434.0,18999.0,0
43900.0,20499.0,0
10723.0,17499.0,0
22673.0,25799.0,1
13745.0,34899.0,1
20486.0,25999.0,1
13733.0,25299.0,1
109548.0,23999.0,2
36383.0,15999.0,0
120215.0,15499.0,2
45494.0,15499.0,0
106445.0,11999.0,2
100691.0,19999.0,2
85555.0,22399.0,2
26720.0,35799.0,1
15410.0,22899.0,0
22665.0,21999.0,0
129450.0,9999.0,2
103147.0,12499.0,2
106093.0,12999.0,2
72608.0,13999.0,2
53696.0,38999.0,1
12959.0,35999.0,1
49960.0,23999.0,0
44863.0,25799.0,1
22839.0,24999.0,1
47715.0,33999.0,1
123253.0,11499.0,2
129163.0,11699.0,2
18277.0,27999.0,1
24260.0,27599.0,1
97902.0,18999.0,2
10.0,24699.0,1
72607.0,19999.0,2
17155.0,34999.0,1
42706.0,21999.0,0
122819.0,22499.0,2
20996.0,16199.0,0
13063.0,28599.0,1
95598.0,22499.0,2
14211.0,37799.0,1
16177.0,26499.0,1
64251.0,22499.0,0
9343.0,21799.0,0
112865.0,12999.0,2
6040.0,12999.0,0
37011.0,20999.0,0
104255.0,11999.0,2
59430.0,25799.0,1
35344.0,21999.0,0
83340.0,10999.0,2
29102.0,24999.0,1
65684.0,15999.0,2
48294.0,23999.0,0
58658.0,21999.0,0
22403.0,9999.0,0
58846.0,15899.0,0
107281.0,18499.0,2
55150.0,22999.0,0
104395.0,12999.0,2
35044.0,21199.0,0
26220.0,21699.0,0
50049.0,27499.0,1
52725.0,13999.0,0
29250.0,42499.0,1
61874.0,27699.0,1
50042.0,13999.0,0
22573.0,17799.0,0
56913.0,27899.0,1
47689.0,21899.0,0
19745.0,22499.0,0
47363.0,23099.0,0
8410.0,21999.0,0
99823.0,10799.0,2
19556.0,25399.0,1
34083.0,21199.0,0
10473.0,21799.0,0
57530.0,22999.0,0
114530.0,9999.0,2
10880.0,17999.0,0
85852.0,29999.0,1
71842.0,14999.0,2
9000.0,38499.0,1
23993.0,17999.0,0
28640.0,22199.0,0
92600.0,23999.0,2
61015.0,19499.0,0
28707.0,26299.0,1
93186.0,21499.0,2
31987.0,35999.0,1
36172.0,25999.0,1
16617.0,29999.0,1
105955.0,10799.0,2
92925.0,27999.0,2
67845.0,21999.0,2
21886.0,22999.0,0
15730.0,22499.0,0
112315.0,29999.0,2
65380.0,24499.0,0
28260.0,25399.0,1
68027.0,13799.0,2
86361.0,15999.0,2
26349.0,24999.0,1
85885.0,17299.0,2
50663.0,22899.0,0
58305.0,14299.0,2
100558.0,18999.0,2
69772.0,24999.0,2
114626.0,13499.0,2
9599.0,19699.0,0
22005.0,34199.0,1
62055.0,21999.0,0
64463.0,40099.0,1
24125.0,24999.0,1
27505.0,10299.0,0
95580.0,15499.0,2
15630.0,36799.0,1
17685.0,22499.0,0
47866.0,19799.0,0
73357.0,39799.0,1
35213.0,20999.0,0
31150.0,34599.0,1
30587.0,36599.0,1
45904.0,16299.0,0
5555.0,29499.0,1
37599.0,30799.0,1
16577.0,28999.0,1
43346.0,22999.0,0
20720.0,20999.0,0
110165.0,16999.0,2
79230.0,29999.0,1
103525.0,16999.0,2
10046.0,24499.0,1
66732.0,35199.0,1
19831.0,37299.0,1
21802.0,22199.0,0
68132.0,9999.0,2
56967.0,23999.0,0
2934.0,30999.0,1
141050.0,21999.0,2
52261.0,31999.0,1
39661.0,21299.0,0
61483.0,24499.0,0
47278.0,32999.0,1
115440.0,24499.0,2
129711.0,23499.0,2
130716.0,11299.0,2
51130.0,19999.0,0
144260.0,9599.0,2
24751.0,21499.0,0
25703.0,34499.0,1
61425.0,22499.0,0
15694.0,19499.0,0
33821.0,14299.0,0
105292.0,12499.0,2
127262.0,17999.0,2
64564.0,27699.0,1
54898.0,25999.0,1
89964.0,18499.0,2
16167.0,26999.0,1
35840.0,29999.0,1
21940.0,34499.0,1
124006.0,11499.0,2
62945.0,24599.0,0
24299.0,10499.0,0
77343.0,18499.0,2
34652.0,27399.0,1
10.0,23999.0,1
22693.0,21999.0,0
13841.0,24999.0,1
9595.0,24499.0,1
3101.0,29999.0,1
95561.0,10899.0,2
810.0,26999.0,1
117394.0,12299.0,2
30941.0,29999.0,1
74380.0,15499.0,2
77458.0,20299.0,2
15953.0,28999.0,1
114976.0,14999.0,2
78780.0,15999.0,2
118762.0,21699.0,2
38378.0,31499.0,1
13572.0,14999.0,0
33917.0,18999.0,0
53423.0,21999.0,0
81862.0,14499.0,2
94149.0,15899.0,2
100256.0,18499.0,2
114474.0,21499.0,2
88706.0,16499.0,2
44910.0,15999.0,0
11470.0,38699.0,1
61075.0,23999.0,0
102886.0,12999.0,2
110730.0,13499.0,2
103571.0,15499.0,2
56925.0,23099.0,0
67275.0,28999.0,1
25511.0,9999.0,0
7593.0,26499.0,1
108502.0,18999.0,2
26531.0,31499.0,1
11672.0,19999.0,0
59668.0,27999.0,1
79146.0,12699.0,2
21910.0,15999.0,0
35490.0,16499.0,0
38539.0,24999.0,1
3693.0,25399.0,1
73388.0,9999.0,2
106015.0,49999.0,1
108856.0,15999.0,2
28605.0,33499.0,1
61427.0,15699.0,2
29115.0,21999.0,0
13140.0,16799.0,0
10.0,34499.0,1
102797.0,19999.0,2
101992.0,26499.0,2
17902.0,19799.0,0
117320.0,8999.0,2
120271.0,14999.0,2
27267.0,14899.0,0
107377.0,20999.0,2
71031.0,14499.0,2
12312.0,15499.0,0
42460.0,22999.0,0
75880.0,17799.0,2
27104.0,32999.0,1
13690.0,39499.0,1
3965.0,16499.0,0
25744.0,43099.0,1
17593.0,10899.0,0
72441.0,27699.0,1
76915.0,14999.0,2
12322.0,21999.0,0
33089.0,11999.0,0
74870.0,20999.0,2
82259.0,9499.0,2
47830.0,32099.0,1
12827.0,34999.0,1
30223.0,15599.0,0
43951.0,11299.0,0
24494.0,36899.0,1
15.0,24999.0,1
63840.0,10599.0,2
114870.0,12499.0,2
35263.0,25399.0,1
32415.0,34299.0,1
9332.0,40999.0,1
13030.0,49399.0,1
52895.0,13999.0,0
56782.0,14299.0,0
75830.0,19299.0,2
27463.0,14499.0,0
20640.0,36199.0,1
1990.0,36899.0,1
113681.0,21937.0,2
43055.0,23299.0,0
56839.0,25399.0,1
78080.0,15999.0,2
78477.0,14599.0,2
59963.0,10299.0,2
16263.0,11799.0,0
68909.0,22999.0,2
43875.0,23299.0,0
92400.0,14699.0,2
42205.0,28499.0,1
45630.0,22999.0,0
16827.0,14499.0,0
55551.0,10299.0,2
36347.0,25499.0,1
12330.0,25999.0,1
27800.0,27399.0,1
20236.0,33499.0,1
89966.0,22999.0,2
58159.0,28099.0,1
62393.0,13999.0,2
45132.0,29999.0,1
77675.0,9999.0,2
82271.0,14999.0,2
15295.0,30999.0,1
89870.0,15299.0,2
64513.0,36999.0,1
26320.0,30999.0,1
85238.0,21599.0,2
18390.0,30599.0,1
18615.0,22999.0,0
71135.0,27999.0,1
14702.0,36999.0,1
12857.0,24999.0,1
26750.0,33999.0,1
26480.0,30999.0,1
29609.0,22299.0,0
9985.0,32899.0,1
89215.0,16999.0,2
22900.0,31199.0,1
17160.0,35399.0,1
29765.0,13999.0,0
19217.0,30799.0,1
108115.0,11199.0,2
24725.0,40299.0,1
104815.0,18999.0,2
25117.0,14999.0,0
39970.0,14199.0,0
28175.0,15499.0,0
56642.0,29999.0,1
104073.0,11899.0,2
84548.0,18499.0,2
79040.0,11299.0,2
50676.0,12027.0,0
45617.0,36099.0,1
113072.0,17299.0,2
312.0,18399.0,0
69250.0,13099.0,2
5475.0,9499.0,0
12440.0,42199.0,1
114472.0,10999.0,2
101630.0,13499.0,2
26359.0,18499.0,0
86286.0,18499.0,2
50500.0,23999.0,0
101834.0,34099.0,1
44759.0,10999.0,0
65610.0,36999.0,1
74839.0,21499.0,2
46688.0,26599.0,1
44831.0,22499.0,0
29867.0,11999.0,0
143221.0,11999.0,2
30295.0,17999.0,0
28845.0,33999.0,1
25033.0,31099.0,1
14920.0,20999.0,0
19754.0,27999.0,1
72095.0,21999.0,2
12756.0,21499.0,0
67658.0,13199.0,2
83680.0,10999.0,2
9780.0,28999.0,1
23776.0,21999.0,0
95329.0,27999.0,2
26243.0,24999.0,1
